,A,B,C,D
2000-01-01,1.5416528344870266,0.10796990163174024,-0.04257104430271404,0.24755873510988471
2000-01-02,2.1077772043915224,1.2791791882465173,0.968685351703374,1.0596329575774128
2000-01-03,2.0620459884708273,1.569130449476385,0.012359964979866356,0.9413239657639886
2000-01-04,0.7744439406615213,3.1158142252931285,1.2456383869047825,0.23674239925809337
2000-01-05,-0.10311053615307475,3.7701702905890464,2.317174849487958,0.2173126877143835
2000-01-06,0.3881029851150145,4.980637563080482,2.8149414175110232,1.6976466141233115
2000-01-07,-1.7451140938177732,4.717889648570214,2.320397118676476,2.644102984913518
2000-01-08,-4.041666700468118,4.271816640488233,3.012585190189264,1.7238866389029925
2000-01-09,-3.466292396909809,5.136360588707563,3.3185537270901313,1.5947804553925
2000-01-10,-4.254682449503455,4.914098145950258,3.3370825243606386,1.274226563577744
2000-01-11,-4.431774157712578,3.814631414507021,3.36803319364188,2.8639183535021497
2000-01-12,-6.9815174607338,2.6032171003286004,5.067340879669385,1.6173558061458115
2000-01-13,-7.824449054919418,2.2163797639032445,5.648704698192342,0.6328071192054533
2000-01-14,-8.055912156135157,2.048206313095144,4.97721033556727,0.15233264927247742
2000-01-15,-9.786354160787482,3.153605365467596,4.956479102462718,0.2592596332364739
2000-01-16,-9.974085080893225,3.3196136054458134,4.207919018705494,0.9556311712497669
2000-01-17,-10.55120292412045,5.55009010260953,4.528572788490861,-0.7470163160829342
2000-01-18,-9.599978696683213,6.0031348542165865,3.53969723978439,-0.08647360313947339
2000-01-19,-9.182388171880305,6.8336999284514075,2.941371964740086,0.09995002393406327
2000-01-20,-8.822231409335338,6.117671572525226,3.056480240301184,0.7115044328739558
2000-01-21,-9.732810332176966,7.313247531083413,4.345490476145733,1.4026107002900852
2000-01-22,-9.305743935757302,8.451706616674008,4.350941648537066,2.586905137166492
2000-01-23,-9.175852556451975,8.92788720817612,5.5438142887350725,3.1018703616359864
2000-01-24,-10.039421285736944,8.951627277776405,4.427415246115009,2.884440714349858
2000-01-25,-9.446232767602007,9.775330668183408,4.519738570090955,3.5321673578055774
2000-01-26,-10.581595112817125,9.62179145427999,4.501566137544293,2.9870632980700282
2000-01-27,-11.265242555323523,10.360085139679608,3.805542767841712,0.02961611185941493
2000-01-28,-11.898456135985336,11.167877691917528,5.197320752664819,-0.7896398777450723
2000-01-29,-11.306979341758522,11.123338382519007,5.706944637022229,-1.4539043761979156
2000-01-30,-11.326932957598693,9.33753034620435,6.040430196163731,2.0009038887056922
2000-01-31,-11.986398816088633,10.135206864252316,5.692009577411815,2.4749388123282676
2000-02-01,-10.176479137969038,9.492540697953826,6.596933873642821,4.326118610799428
2000-02-02,-11.433724508443575,11.302562712687397,5.827091112698526,2.107282536840845
2000-02-03,-12.333392285598471,11.392972155758546,7.108085175704042,0.9861952113952583
2000-02-04,-12.679366441594343,11.008116609577895,6.876386105647841,0.6219709345013105
2000-02-05,-11.910338044702248,10.409832265235348,6.770315761133922,2.7185081841206884
2000-02-06,-12.746958035115496,10.580750003866365,5.2893872455324775,1.3134647876238967
2000-02-07,-13.070058253937326,10.476389029567954,4.512003693314401,2.4476368406389373
2000-02-08,-11.736433454795868,9.730695722604453,5.415045456964667,1.9384282002191708
2000-02-09,-13.3322493575586,11.289736786101788,5.151447858436108,2.125998313549267
2000-02-10,-12.010030767718105,11.220988765523746,4.288947024002997,1.5291040522768882
2000-02-11,-11.495708914615756,12.050022581454192,5.971511374866541,1.7621706938313566
2000-02-12,-10.222780876814173,9.114299279013384,5.1930094951910695,2.0149211990472335
2000-02-13,-9.20388616284512,9.524130070447052,5.426992396323139,1.8341746827837868
2000-02-14,-8.4562745783359,10.928532728864088,6.4161816724322165,0.98925565137356
2000-02-15,-9.249945178980227,10.719364357205157,5.53769286572213,1.7743104776643652
2000-02-16,-7.496300328803352,11.423440154986437,7.492664772673793,0.42412520443586743
2000-02-17,-7.4090149395079825,9.771910026189625,7.909398801990782,-0.023453264610176883
2000-02-18,-8.458499745102515,9.698116263684868,7.551715205441652,-1.7149605154567646
2000-02-19,-10.245278139635994,9.559995802305497,7.010037347523556,-1.7997081407460775
2000-02-20,-9.258097997176325,10.738926455812074,7.281787950182404,-4.354598412555205
2000-02-21,-7.562126966137471,10.42007953498807,6.919825020874995,-3.917901210361768
2000-02-22,-8.189221877438554,10.195413692305653,6.572969012020455,-4.051680511672513
2000-02-23,-8.205685370206991,8.307796564208898,6.984521089163365,-3.5489398229120357
2000-02-24,-7.689168926725828,9.589471128784297,6.994684217489761,-4.792768824140592
2000-02-25,-8.517061448245423,8.033902393603302,6.723715664064516,-4.817941230820974
2000-02-26,-8.586485960829988,6.060681252863436,6.376185481877686,-5.2415324403354004
2000-02-27,-6.2604631225805125,7.161049454324719,6.5913108412334,-5.594316645676017
2000-02-28,-6.086762655422383,6.864298632833384,5.251428355528206,-5.907934042664999
2000-02-29,-6.702782479954491,5.997600730808258,5.679153368680596,-7.19864424497692
2000-03-01,-7.793016695688528,4.488840314362095,6.670032746697255,-7.912905530126436
2000-03-02,-8.446413641313532,3.4406124198296695,8.235000831159544,-5.199845794993662
2000-03-03,-9.279641297953889,4.442277009939801,9.407588815089593,-5.248270103798
2000-03-04,-10.928294602385948,5.195781290267412,9.029322700308118,-6.056739278788179
2000-03-05,-12.129428556329083,5.172817192048474,11.028512206821686,-5.340916988898105
2000-03-06,-12.52301371967361,5.457736636682561,13.341353883167944,-6.916447481109943
2000-03-07,-14.166998082966874,3.736646505374421,15.669522367497716,-7.609423440881872
2000-03-08,-13.724868269821677,5.274282336361355,14.323605067014608,-5.752986689414108
2000-03-09,-13.576621313172412,5.015446126794958,12.380111427577154,-6.908825218843019
2000-03-10,-13.103988227083333,4.150006134479902,12.038134145705557,-7.161850324259566
2000-03-11,-14.029185339955957,5.120549139667493,11.913728569977447,-7.3227480020465805
2000-03-12,-11.7772681452091,4.582053201358148,12.321376746671831,-7.980770484485555
2000-03-13,-13.557820344585126,6.204343942904539,13.497663679376808,-9.506905361847721
2000-03-14,-13.892356575048309,7.256466884756362,15.292591577310365,-9.040883488263495
2000-03-15,-13.654675921438354,6.254421006274295,15.020079038402153,-9.957020173503299
2000-03-16,-15.430611348981774,7.755023693153559,15.07138054464321,-10.920357904846412
2000-03-17,-16.704358663290986,8.480764559247048,14.049669202374597,-10.032465812288875
2000-03-18,-17.183394368701915,8.269457531059372,13.185919248922271,-9.732577128236045
2000-03-19,-18.67679383054476,8.139345252787523,11.434414639122284,-10.10291685131142
2000-03-20,-18.504697207108432,8.87679570692905,11.881595565142941,-11.516761894881093
2000-03-21,-17.848053526894827,10.12757665510863,10.984741032938857,-11.837737912409956
2000-03-22,-17.65130877088097,10.583129903684688,10.73092611756199,-11.157434399879772
2000-03-23,-16.058114057774237,11.23427760590398,11.66812749132689,-11.319224268492643
2000-03-24,-16.604510470898838,9.11274932479027,12.10391236942819,-12.350509423958128
2000-03-25,-16.592388316298628,8.67810380566786,13.41445378576599,-11.268009802889372
2000-03-26,-16.917810020654215,7.425441378574501,12.699566641666781,-10.714331373860327
2000-03-27,-17.388790334761573,7.796635155964419,12.16783751827988,-11.07403290246066
2000-03-28,-18.47975383593842,7.470475038702873,13.43913042924811,-9.809742487458418
2000-03-29,-18.562024001739047,9.040924192376627,14.727329292354996,-7.900784281071271
2000-03-30,-17.76439336505568,9.819027194984857,15.565679748505609,-8.541856044824558
2000-03-31,-17.04186007305359,11.35456765701477,14.829270988810979,-10.066636979313484
2000-04-01,-17.91715041343195,10.245511604042045,15.690004711826608,-11.181839977991228
2000-04-02,-18.154967920113297,9.746379805610745,15.102284637174996,-11.246261587610187
2000-04-03,-16.749965468939113,8.724000599230422,14.169510839919136,-13.207673374217878
2000-04-04,-18.149993060642036,7.719381309001629,14.766453774375464,-13.512967853002962
2000-04-05,-18.281388822511904,7.985322467884185,12.866613741767575,-13.396766599405433
2000-04-06,-18.06354813178009,6.974342704461787,13.223977126824025,-11.041305051716831
2000-04-07,-17.975182611263577,7.244632602704668,12.82882574007044,-11.450866563934703
2000-04-08,-19.702341947123877,8.24415220384031,13.773017511619466,-11.765720319261941
2000-04-09,-20.457414978447346,6.804376815529753,13.855930278663726,-11.68771824222776
2000-04-10,-19.389691249674193,6.943168926915096,14.123940316837587,-9.940247888074056
2000-04-11,-18.926806349279772,6.433248582255048,12.845412990067324,-9.850436624907749
2000-04-12,-18.189885932392652,6.405481228152347,12.407237903535702,-9.791399611546735
2000-04-13,-17.1741258792352,7.018997968718363,13.588898313691047,-9.079608080415062
2000-04-14,-16.725625052970294,7.38405365420769,14.381838127392362,-9.571067410538472
2000-04-15,-16.031825343344327,7.562001501420334,14.536121433692184,-9.938321136862275
2000-04-16,-16.480988254025466,7.726125214772924,14.96592427397831,-10.93005779970153
2000-04-17,-16.674929660450168,6.982082473534392,15.925132908931738,-10.730206892281943
2000-04-18,-17.402332349959305,7.74672451395841,17.38018524250606,-10.701429372838179
2000-04-19,-18.543378246693294,7.1902031838255445,18.400609763027308,-9.259469559260793
2000-04-20,-16.581370581257872,6.064250380801196,18.233528748472022,-8.948073799952846
2000-04-21,-16.389105447752005,7.412405804778218,15.143553633755403,-8.456658561225755
2000-04-22,-16.470510794190165,6.681680821814392,13.833442733926017,-8.202812855654555
2000-04-23,-15.91207127473596,7.239231833882181,14.013045504010162,-8.513026222520242
2000-04-24,-17.56742300017879,7.469890151056656,13.938441283397369,-9.892993697947347
2000-04-25,-15.418812206663306,8.166759172421608,15.326355280993328,-9.222897623634415
2000-04-26,-16.67640031654066,6.6191588449300935,15.475244956596507,-9.53293354631638
2000-04-27,-18.78461491354582,7.516931215705311,14.782467841402525,-8.424946146501062
2000-04-28,-16.611277096487942,6.6822939269757775,15.42426909918213,-8.364279032896658
2000-04-29,-17.0802172266087,6.525831690331742,15.764063441925098,-7.473163629065085
2000-04-30,-17.355446035082082,6.828817548051006,17.083333595582715,-6.098991088634014
2000-05-01,-18.16165415029543,7.835517696718976,16.743358163521822,-5.715411179182546
2000-05-02,-18.462177518744163,7.5800992153778,15.888912006608725,-5.548234492012105
2000-05-03,-18.75020669285039,8.194411781054221,16.102642891651975,-5.263100410334977
2000-05-04,-17.45217019922993,9.978146649355164,16.83255528613831,-4.9085188144102885
2000-05-05,-15.399276401832815,12.039850218527828,15.541913836851435,-3.5758422138492367
2000-05-06,-12.847699361108202,12.34636213832653,16.75774497231059,-3.634077617883477
2000-05-07,-12.793830869300523,11.942328707381652,15.6811240921301,-4.4450955069747184
2000-05-08,-11.70991416206333,11.995618361467843,16.423705935940635,-3.743481615187094
2000-05-09,-11.551189489552113,11.048206957331319,17.356884223662068,-4.90304338376834
2000-05-10,-12.825610068444108,10.66416875001055,17.280131192506502,-4.196158806136676
2000-05-11,-12.902117830584043,10.606909776090903,19.492693522464663,-3.9874237844612264
2000-05-12,-13.38227484102042,11.189991105688135,19.765835836350828,-2.654535684151558
2000-05-13,-13.257779714534173,11.410203177493052,18.17081280490622,-3.083292871120667
2000-05-14,-12.639870124663828,9.767272772868825,17.8583198069187,-1.705877306406259
2000-05-15,-13.203519104601705,7.663155668924162,16.444883635962405,0.20970116781375436
2000-05-16,-13.367764963411657,7.7557974930084095,15.949560348136464,0.32996371526455126
2000-05-17,-13.446643317546352,9.594925278679181,17.613495368534057,-0.05037485320215712
2000-05-18,-12.21286114453737,7.752573189909315,18.47398029956757,1.5552220746399026
2000-05-19,-10.82715091648165,7.884821567522288,16.94686433561202,3.0567364150434635
2000-05-20,-12.091125978252489,7.895234188966671,15.776876015194985,4.116096987162006
2000-05-21,-11.720700057550946,7.752856246982365,15.335008501872803,4.063159987712793
2000-05-22,-12.046579476073951,6.120659769514308,14.110305654680982,6.182983908104527
2000-05-23,-11.376970424953882,7.26667364658832,13.142635262807152,5.385257240205963
2000-05-24,-13.275707564373093,9.18433669052883,14.341093575657634,6.944677460598854
2000-05-25,-15.273971412749457,8.91562602263708,13.743953772479712,6.937335509191212
2000-05-26,-14.306266686234347,8.400767757662788,14.220333941852676,6.785132712899744
2000-05-27,-13.592076487521116,10.054094254930847,15.831488670388453,6.358598086094606
2000-05-28,-13.876649231410658,9.125929802811033,16.32494434390102,6.373104992008148
2000-05-29,-14.678538862393093,10.22147786710839,18.13262975054848,7.516599466421959
2000-05-30,-14.68315306440015,9.034761879711228,18.060905037317372,6.423025965332354
2000-05-31,-17.062040582379712,11.261408889683794,19.167516083473906,5.655053846562563
2000-06-01,-16.24339546017163,12.198771588024167,19.93378653646727,6.782865563856673
2000-06-02,-16.022016361514304,10.584382097548051,19.959135738826614,6.594192928461867
2000-06-03,-16.323692871289502,10.020586193172447,20.137786928437066,6.390469755401228
2000-06-04,-17.449012703204623,10.216343189929521,21.191239880236363,6.409391911064379
2000-06-05,-18.740296990595773,9.099294622591385,20.678855277814062,6.379898266033275
2000-06-06,-20.218042424059778,8.672301963983818,22.54168818628831,6.244462627007232
2000-06-07,-21.31127028413033,9.274952943768296,22.231481876181153,6.894858592796661
2000-06-08,-20.639443471036845,8.931158889156842,22.91593690658795,7.7367131345062825
2000-06-09,-20.043515719920276,7.903436239031244,23.718921109028912,6.725925866740836
2000-06-10,-20.103180089673423,9.213923432595195,23.695346001935103,8.291111778911569
2000-06-11,-20.646863529750103,9.892248645230646,24.046734155659657,9.4761940981358
2000-06-12,-21.88392165147383,10.966747742994059,22.407773246258312,9.735998612887293
2000-06-13,-21.40734235469386,10.637312215734644,21.816818674694296,10.610230333247323
2000-06-14,-19.652767688385786,8.921609833004366,21.45437440177845,9.753359526483713
2000-06-15,-20.574087911633512,8.939854020289523,19.864845931103865,9.5971945541053
2000-06-16,-19.943714982784016,8.284236835459392,20.699851939063805,9.08698195637865
2000-06-17,-19.278018842666064,9.205865918588078,21.21298678236506,7.256172458258119
2000-06-18,-18.123363877612643,9.905738488859587,21.48923383550382,7.127113308836629
2000-06-19,-17.756104732352544,9.56755668261312,20.29130466159332,9.39086637092122
2000-06-20,-18.936744449220342,10.779839210574789,20.16407773905275,9.232190443236883
2000-06-21,-18.767150135382966,9.738802203342825,22.330059418894475,9.740442448667942
2000-06-22,-21.21889415299654,9.47633481416154,23.247185328591417,8.588860378351459
2000-06-23,-20.73882377703875,10.10787114975138,22.414736255552345,8.373717809186454
2000-06-24,-21.046094322302153,10.20437664425867,22.711118464697226,10.990278285394915
2000-06-25,-21.894313318113735,10.218757706012799,22.410374152744946,12.575568287382044
2000-06-26,-21.647573129429365,9.788767385278268,21.802000861796508,13.547310484737421
2000-06-27,-21.987747054544847,9.767856849865378,22.34470884355507,11.770060599209136
2000-06-28,-23.05914541133285,10.590097100014301,21.479786907283646,11.46487607113623
2000-06-29,-23.938563360084597,8.170031524088047,20.99917900007907,12.12823452922466
2000-06-30,-25.670096827150342,6.512264346211068,19.904122691748427,11.972301868568284
2000-07-01,-25.274244054177053,6.0544756677852565,19.96577432776229,13.788372114450034
2000-07-02,-23.95573259095677,8.236860409408116,18.480552377053392,13.04741499539759
2000-07-03,-22.626815233954787,7.1081699084549586,18.513155166408502,12.953949974661107
2000-07-04,-22.74713319131359,6.256734426585671,19.25953765610909,11.872208968900571
2000-07-05,-22.771632435247106,4.463132543265063,19.123140620782348,11.38531926651372
2000-07-06,-20.929535763164722,4.696794860970317,19.31805707816168,11.655302971375454
2000-07-07,-22.094380481535065,4.604914001609766,20.403707406714275,12.416328596601092
2000-07-08,-22.133683078360445,5.089140267282225,19.271319473125658,14.186216802477684
2000-07-09,-21.71376808370774,3.564696840477801,17.59035382820302,14.291490321389624
2000-07-10,-22.079042506658638,2.92235791024658,18.048407461665207,13.238512559000872
2000-07-11,-22.74220469089859,1.3000181280355407,19.00539749228527,13.037337476978605
2000-07-12,-24.40076872846452,0.8510337718606285,19.427459936132685,12.136980784884665
2000-07-13,-23.716738995870365,0.2797518265439184,19.424457157224,14.56194583910573
2000-07-14,-24.423423681458452,0.7240054823542166,20.85842937920198,13.415693479744672
2000-07-15,-24.305751437311574,-0.5062878252015608,19.661952458589028,14.261555316387476
2000-07-16,-25.197617086304852,-0.8971065564731844,18.324096418115044,15.407491911572084
2000-07-17,-25.652896632638434,-0.5352782962957383,20.83804685987591,16.13327471152511
2000-07-18,-26.374087965578727,0.006772384448207824,19.13492283541106,17.591025504750153
2000-07-19,-25.516765751851363,1.4722428619241414,20.19616528396017,17.09279155967488
2000-07-20,-26.99994181202682,0.45402541848996103,18.55249878601561,17.6167909946435
2000-07-21,-26.606395524133156,1.3026208199662455,17.264505329857244,18.308498503177283
2000-07-22,-26.097940732153482,-0.26494370385372634,17.31919838175937,19.819557429719513
2000-07-23,-25.5020843064851,-0.22088565163062907,18.551025276289636,20.452886891447697
2000-07-24,-26.456531346287775,2.241836408705109,18.640182867540695,19.19502327123155
2000-07-25,-26.78511589664035,1.4638691773846402,19.400200682037024,18.06204446447097
2000-07-26,-25.815008061861757,0.5662298437659196,19.763614428158103,19.84226084990131
2000-07-27,-26.06678715473435,-0.10807126143122225,19.49653988965667,19.4587028815715
2000-07-28,-25.551065027192312,0.09435852798027766,19.792244143557248,20.31927345391145
2000-07-29,-26.961074504243108,0.27921500854743964,18.69965968746934,19.227028913003405
2000-07-30,-28.063756138058395,1.6269574865413923,19.093688282784594,19.554365803935294
2000-07-31,-26.61479021515314,-0.016791320098205942,19.828326954605487,19.97403003439596
2000-08-01,-27.141247907311154,0.7758695996071009,19.71432278110809,19.570970936883658
2000-08-02,-26.846577626950612,0.5034648764341145,19.324365559467616,18.738105953107677
2000-08-03,-26.28237196161138,-0.23915786104978698,19.405745971083675,20.123526658583284
2000-08-04,-26.759804669257747,-1.31322573111509,19.6791690309053,19.16903512142822
2000-08-05,-28.693041772118043,-1.5302597518966152,20.02991772343152,17.18230220515504
2000-08-06,-27.101216670513292,-2.11421170354387,19.884486636072108,17.68131144290469
2000-08-07,-29.50167835444522,-2.378303860519023,21.136279315132832,18.21258825683778
2000-08-08,-29.65701302309295,-2.201852555569595,21.901206098644316,16.530635587465657
2000-08-09,-28.898043723381672,-1.7353679422333892,22.661468167420807,17.177019821554033
2000-08-10,-27.932256783217415,-1.8779349245575303,22.105411229594896,19.248716051205125
2000-08-11,-28.895988870957304,-2.7878522334522327,21.238848212880256,18.72169378814284
2000-08-12,-31.039900871401706,-3.3123738239739215,19.833609931901265,18.885480602260508
2000-08-13,-29.98383196561934,-2.1092985019346524,18.972788191683406,18.552459192984315
2000-08-14,-29.283673850652512,-2.8571690275609853,18.66485621023173,19.637004352637064
2000-08-15,-29.63195738569008,-3.2058675163104358,18.053056763256265,20.552882559075403
2000-08-16,-28.16691440162083,-3.021021224329493,18.886154498142545,20.71420310362517
2000-08-17,-28.77170632713512,-3.867261950932174,19.686761125384535,21.643098122230917
2000-08-18,-28.064544387532877,-5.054462723774118,21.08614025438465,21.349035944357716
2000-08-19,-26.790332165111945,-4.662165058436923,22.98056689915293,23.40791985384382
2000-08-20,-26.930056641414854,-2.887207312114397,23.938544985326942,23.432157388059473
2000-08-21,-27.33567784810106,-2.0640411732791106,23.333006288776907,23.92952858383878
2000-08-22,-28.147587011914354,-1.039208084668584,22.06648742939715,21.833806865690047
2000-08-23,-27.958500941466106,-1.865940730855732,21.25718458328879,23.26792224553777
2000-08-24,-27.35995548110288,-2.5936558175178055,22.13435193046652,23.818342425247053
2000-08-25,-27.892276332166688,-3.277426423438966,23.26055693329594,24.260766388892353
2000-08-26,-27.297144774504325,-1.8543620998725143,24.119150395205963,24.7948293642593
2000-08-27,-26.196944670198732,-1.8232200026269962,23.95727894999236,24.403249471912012
2000-08-28,-25.35314059474882,-3.140513078978076,22.35311269056978,24.99993874425178
2000-08-29,-25.414194036358207,-4.129723427393519,21.42438753641309,24.90230841611585
2000-08-30,-23.914752022296195,-2.5277608526921234,23.06187100099052,24.739657565563967
2000-08-31,-24.716048034730633,-2.685075185210362,22.803412398462964,24.359322661368722
2000-09-01,-25.38141489004428,-2.3742334848146176,21.778074462815283,26.046264326548897
2000-09-02,-24.101790632376947,-2.5516025405727483,22.758712318666714,26.31841000664384
2000-09-03,-24.142578469194245,-2.0835436497813955,22.63499488338414,26.51307975775018
2000-09-04,-21.551713867591488,-3.2153626517696843,22.47749087526242,24.82969846400448
2000-09-05,-19.48091439883652,-2.68496220432981,22.74149508604568,25.054145055891137
2000-09-06,-22.379440729219578,-1.7674159327082006,22.657934766502358,26.973996127635036
2000-09-07,-22.20387303801139,-2.345092503163154,21.09809999406997,26.85097992828807
2000-09-08,-22.694834234865432,-2.7037901001991727,21.51456093023322,25.63016614705766
2000-09-09,-23.049216416518767,-3.5375058930070997,21.01128778776251,26.03613610148033
2000-09-10,-23.23639403774137,-3.8969573138867046,20.540028730952677,28.270116633696784
2000-09-11,-23.333516372032342,-4.5914483592436985,21.158329514271177,27.55698093035138
2000-09-12,-22.588022573970427,-4.859898749056933,21.350206050382,28.263951020542308
2000-09-13,-21.33743014370531,-5.458029436378529,20.507784167032206,29.231892160202893
2000-09-14,-22.265493967269432,-5.018875186141079,20.75295759639631,28.7970563675105
2000-09-15,-22.766396798569236,-3.744826317699081,21.150972288539418,30.648098809288758
2000-09-16,-23.95426232136109,-4.563796297113134,21.66450583590783,29.793143366155714
2000-09-17,-23.9976241778557,-5.855834257388617,20.20122668372542,29.424168281103757
2000-09-18,-25.415660873468102,-5.924997100708067,20.18371279078029,30.68427992448829
2000-09-19,-25.58736066085914,-6.278843502693841,20.681405359297358,29.410939003624573
2000-09-20,-25.119047946255826,-5.561774008995715,21.76370781666658,29.07328529348187
2000-09-21,-25.627446213160518,-5.226610125961721,21.963587687747307,28.888963516755794
2000-09-22,-24.40737379262521,-2.47563212499736,21.77236155353042,28.668003004207797
2000-09-23,-25.356090617965503,-2.8330477225975654,21.476984271859955,29.876152946640893
2000-09-24,-25.85525987789646,-2.6452510775937648,21.133205609289707,29.288899130696464
2000-09-25,-23.803266366530476,-2.4775545370681034,19.635495933522076,29.439910380436427
2000-09-26,-24.100859308853344,-1.9516548054839715,20.09502487668561,30.643447793504627
2000-09-27,-22.74985066964545,-1.514320894278275,20.797835256976157,31.366418937961104
2000-09-28,-24.14256386500762,-1.0797341530804616,20.592473606018206,31.860079856856526
2000-09-29,-25.676648192368834,-0.32959274977638287,20.390993525207268,32.72647605507209
2000-09-30,-26.19758878390181,-0.16489348906889814,20.705814355781836,33.703704069353485
2000-10-01,-25.738569080751766,-1.7378854930764083,20.603495045209236,35.27802721318141
2000-10-02,-24.774484789032805,-2.910153827992266,20.194585359729484,35.77360774890738
2000-10-03,-23.968017538174088,-0.9786501085495669,19.5578068760186,33.48398191708718
2000-10-04,-21.737631399744558,-0.6142475556585916,19.69457220942495,33.889750620834064
2000-10-05,-19.104336645160746,-0.6320909922665293,19.23943126088314,33.44837788895622
2000-10-06,-17.906881016804704,0.15154893625256782,19.466130156367342,35.60948150630189
2000-10-07,-16.56376654961838,-0.4821835281982805,18.828614991011467,34.19625132601476
2000-10-08,-17.49503318205759,-0.8694961687900336,16.673902860572817,34.037826626000914
2000-10-09,-16.515212373833535,-1.5463991237573018,18.967749393753763,34.03688584943743
2000-10-10,-17.569313645733676,-2.3180786684848087,19.890479522680433,35.329345443140994
2000-10-11,-19.917020756977156,-3.7310711082532526,19.550442615362794,35.640362789615374
2000-10-12,-18.126161465243406,-3.403857554950394,19.86575019353327,35.31315059941102
2000-10-13,-17.34511454426859,-4.692662490370851,18.7756382824502,34.633306577694626
2000-10-14,-16.39936732745747,-4.982672917493722,19.07241132505633,33.57257904881598
2000-10-15,-16.367449973360223,-5.726103103787812,18.748300335533443,32.66337178076103
2000-10-16,-16.69049253031956,-4.912586125883026,20.67734688953551,33.58753900035664
2000-10-17,-18.65435899450578,-4.582549691499724,21.712456159912207,33.35016846471552
2000-10-18,-18.691973432245106,-2.426398998846766,21.30889142891627,34.85158333688456
2000-10-19,-17.670701558067904,-3.549786850692987,21.207374503228156,35.47207594164443
2000-10-20,-16.787876362025095,-3.829018563622382,22.140823165196004,34.13755330490995
2000-10-21,-16.339520722568842,-4.049092713078932,21.71214677240485,35.82975633953957
2000-10-22,-15.080636001487216,-4.039616554931809,21.957856161411804,36.75079013714012
2000-10-23,-14.479124991142251,-4.76053474854637,20.664038407031192,37.51259503327558
2000-10-24,-14.173485205345015,-6.6036616061250495,21.84744743756965,37.587759782924465
2000-10-25,-12.31884554915841,-8.204756770517069,23.901662006890906,36.609632517992644
2000-10-26,-12.449874779353381,-8.330149686322418,23.218612438609448,36.139195000860866
2000-10-27,-13.545797501819477,-8.177613303147533,23.32193635319483,36.46669212869868
2000-10-28,-12.031436390586247,-8.103354652637245,22.959377078918013,36.27930178640898
2000-10-29,-11.761044235072815,-6.497213728706249,22.698188306743948,36.79696974369718
2000-10-30,-11.299700740467456,-7.3688056624018445,18.91934264001871,38.35060356517227
2000-10-31,-10.408050739069846,-6.492225751844756,19.7614308023064,38.5954686567586
2000-11-01,-11.596969422321298,-5.842919001809704,21.292986675458064,37.67385442400576
2000-11-02,-13.308566518535962,-5.320619324568533,21.30954549845399,37.28011278328162
2000-11-03,-13.976311309602425,-5.413241860697167,22.449297237828894,37.04155716195937
2000-11-04,-15.662112428099656,-5.2786606229823,20.55654689839301,38.699058810911296
2000-11-05,-15.25759137558936,-7.5993179452890525,20.8907643940397,40.405485139304005
2000-11-06,-15.554566255439864,-9.34733403363722,20.982015607033244,38.53325623681939
2000-11-07,-17.513070790279023,-11.279247172653616,20.792819532117193,37.56989380110014
2000-11-08,-18.007053192031822,-13.338046972685238,19.859953739519344,37.29607422217871
2000-11-09,-16.199671752429204,-12.709275777397982,19.285130382709156,38.11823843130338
2000-11-10,-15.555717795698085,-12.161623637797183,19.72160448520954,38.43188367487363
2000-11-11,-16.546663525239858,-12.18092267151087,19.96646077805905,38.63451679850901
2000-11-12,-17.123616758541008,-10.26296450242494,20.05026575470866,37.68970497363441
2000-11-13,-14.724045900603521,-9.462304887374218,19.422100052481472,38.50554269392802
2000-11-14,-14.231291632282613,-11.163378812420984,19.50073366679834,38.246954271883496
2000-11-15,-15.204540791751164,-10.755381790390901,18.977313879731586,37.249846461622695
2000-11-16,-15.925216176039882,-9.809645460691897,18.738116420894467,36.47453160454062
2000-11-17,-14.711257081763117,-10.488433982966347,20.801830673012777,37.61175101756774
2000-11-18,-15.93433305840182,-9.82368968425365,21.24211134433039,37.930235475497334
2000-11-19,-14.851744169377184,-11.112385384619074,20.89309342648547,37.933985713561356
2000-11-20,-14.057279890053396,-11.094650643513157,19.630425347484323,36.44176011704632
2000-11-21,-13.605339290421412,-11.65913011832146,19.333585946303703,36.24272215893932
2000-11-22,-13.028325565285185,-10.556482313262224,18.63502564449972,36.851784513268335
2000-11-23,-12.828445601279606,-9.232496215421337,20.52039221101272,37.59541004126784
2000-11-24,-11.379934629919465,-7.476937259849825,19.8815460191329,37.69085542497307
2000-11-25,-11.537376559977979,-8.287317174874492,19.995727643996297,37.56274626869054
2000-11-26,-10.945467217319898,-8.846222439017094,19.444540084871438,38.4896302460722
2000-11-27,-11.881381907074253,-10.457759140450086,18.699710322811846,36.95663586292809
2000-11-28,-12.232518774188454,-11.541443611055469,17.990920621814485,36.99238735044762
2000-11-29,-12.00024502186916,-11.113856874949285,16.328959114570626,36.535898345979845
2000-11-30,-11.67168115471241,-11.927381644183049,17.101579418187402,35.0295520734601
2000-12-01,-10.769303975438458,-11.993855731413937,16.685022834833564,35.150902677992356
2000-12-02,-10.146180568491383,-13.213671038045534,17.376131328002003,33.46953460132459
2000-12-03,-9.377947651944684,-14.404767462429557,18.123158997214396,33.49499367009159
2000-12-04,-9.648684805853897,-14.551825367025538,18.491218183257374,34.651026664023505
2000-12-05,-9.576725639902358,-16.522977481089587,15.876081971947038,35.105285937549645
2000-12-06,-11.181062445671742,-17.33120950923543,16.60488095449548,35.55012353725949
2000-12-07,-10.71722144125662,-17.37472031565392,17.122873714834924,35.0588056691156
2000-12-08,-11.320501768034392,-16.927552578198473,16.951333453925137,33.99022640574797
2000-12-09,-13.624271584692917,-14.922879227690714,17.39721803087243,33.15092694934179
2000-12-10,-14.273101882124754,-13.624513297286336,17.874437621518915,31.64957426978722
2000-12-11,-15.261744995974606,-13.034140775817322,17.249945761254455,30.46085397103102
2000-12-12,-15.870991905214078,-12.903854450961354,15.581511061281994,30.853543807333786
2000-12-13,-18.397656465661527,-11.96649691191757,14.896592405442094,31.738561942999933
2000-12-14,-18.39967054962774,-10.440799055047929,14.799064369116449,30.90340940273005
2000-12-15,-17.568288759742188,-9.188799765931007,12.918859482837808,31.40826832543521
2000-12-16,-17.452238026642423,-9.330797011541959,14.405482012311827,31.88303526560503
2000-12-17,-17.660644330383896,-8.631799231477451,14.035301327200816,32.88368607295606
2000-12-18,-18.664073097392922,-7.993187561016809,16.017279700949388,33.71646047600756
2000-12-19,-20.219865664571714,-9.674869065710888,17.470832865661198,33.33292414805007
2000-12-20,-21.88481239670236,-8.223816032270605,17.529008659790936,32.87014170444538
2000-12-21,-24.063760037387375,-7.188870386849672,18.26519730326947,31.120726509507243
2000-12-22,-23.523091598890236,-7.912395686031415,19.396462461328685,31.07573545276921
2000-12-23,-22.206634022298466,-7.402453188645637,18.54261343877378,32.12513531906855
2000-12-24,-22.117224816551328,-7.262324918616139,18.384245168908038,31.548802880666106
2000-12-25,-22.453721617101777,-5.862136056005851,17.986157758094837,30.222601059518965
2000-12-26,-21.801731630683737,-5.817775269454106,19.10630736802828,29.88412591969498
2000-12-27,-21.648397060420887,-6.307648831993792,20.209275436630293,30.780456465666315
2000-12-28,-21.007495051582506,-6.164730208967755,20.87740556556855,30.837107315931352
2000-12-29,-23.180547541975997,-5.6965446564539635,19.738554467288118,28.187674021283122
2000-12-30,-24.3511358379971,-5.995926704001489,19.473149385619966,28.098219258976933
2000-12-31,-24.28212286494413,-7.382307621665973,18.59514640436205,28.14313266185651
2001-01-01,-23.99419889157929,-8.024560035885028,16.64751222444778,28.974798821610367
2001-01-02,-26.015765446101806,-6.055380156985183,15.583590945771446,26.628391582541443
2001-01-03,-26.061802488180525,-6.091329860096136,15.583062436815647,26.829365449620987
2001-01-04,-25.47045279559023,-6.695459357894805,15.952171934053087,26.93947430686222
2001-01-05,-24.210256166906795,-6.298328613886098,15.395173240247201,26.819860313108457
2001-01-06,-24.492838457829375,-5.952716236184925,15.657161577336149,24.87636911640461
2001-01-07,-23.986854823631376,-6.933111965147454,15.82743956287363,25.569039852482625
2001-01-08,-24.591824133078234,-7.324393704697366,17.483709446772146,25.06440711970977
2001-01-09,-25.862806349869174,-8.09348356548366,18.834064185103056,24.95098382964092
2001-01-10,-26.211678089184957,-7.238284559843164,18.48012165306517,24.609619453372083
2001-01-11,-26.29363145607665,-7.675031732777805,18.648995293563065,24.04727309435993
2001-01-12,-24.999073728973695,-7.656645771382596,18.23656062053232,23.93805639422084
2001-01-13,-22.552249021802417,-8.017489915409648,19.008021730501362,23.080969438829936
2001-01-14,-24.21237267261236,-7.728726632388467,18.671926773442145,22.725919122136084
2001-01-15,-24.985750737800622,-7.258915596090785,19.780494842275903,22.392805025278204
2001-01-16,-24.601537326270375,-7.074368933050472,19.286866871219367,19.794411414251275
2001-01-17,-24.61157170767725,-7.258733674747231,18.86462945242455,18.238023524623387
2001-01-18,-24.656422822090857,-7.796511430121686,17.43028088438294,18.912327207751687
2001-01-19,-25.13647149588965,-7.052027378886453,18.812553022977088,19.39127495786482
2001-01-20,-25.8791783270104,-7.862170196043745,18.226930916894695,19.35815776653936
2001-01-21,-26.597786146386138,-7.959488657161885,19.09288214269305,20.752426666971754
2001-01-22,-25.420729247061892,-8.630702213526849,19.073084208181648,21.212375372360274
2001-01-23,-25.252694428249065,-8.668572465090678,19.732752088859264,21.781737965829844
2001-01-24,-24.05439902956462,-9.149798824645028,19.75643610248128,21.878049495795878
2001-01-25,-25.24444694187672,-9.747134581676075,20.478810762185763,23.114169126161467
2001-01-26,-25.75282427402751,-9.294682403837722,20.117380928151675,23.316451446618807
2001-01-27,-25.722458341862694,-9.2298133933005,17.532130608320532,24.452090723636218
2001-01-28,-25.593115089463424,-8.422023523999849,18.425349729058453,23.8886398727077
2001-01-29,-26.551729445410423,-7.159892728445968,19.156435909283896,22.763835577976163
2001-01-30,-25.599386121969115,-6.051020708976833,19.058529213118913,22.283886063131
2001-01-31,-27.140457152523396,-5.657453613491229,19.658162644141687,22.93636193321415
2001-02-01,-29.83479193027132,-6.1586946078342155,21.852134384523872,22.95658886946766
2001-02-02,-31.32786402542571,-3.945846072508207,20.79723688108729,23.95634490245228
2001-02-03,-32.21499147726512,-3.9600448622839295,21.125680104363962,24.437879339466875
2001-02-04,-32.40982840922088,-3.002356780309972,21.544786627733387,24.508515791903296
2001-02-05,-33.185219092595375,-3.4024710215293106,21.30533157822145,23.77249956699942
2001-02-06,-32.855471898409505,-5.163942211227072,21.19340229843737,23.183659752870714
2001-02-07,-31.783969189798736,-7.064246790928455,20.391378525763557,22.3649965687891
2001-02-08,-32.495722387477734,-6.839323219632712,20.02745212714394,22.879321697580515
2001-02-09,-32.52140007724202,-5.523024234650572,18.38383572958563,23.084010702320658
2001-02-10,-32.74052219190326,-4.7421506624746,17.37552305419114,22.56240230873757
2001-02-11,-32.94329451630296,-3.1789331772551357,16.1724453580116,21.545992280822514
2001-02-12,-32.233942245030775,-0.961333470807832,16.255581226324882,20.804411163823353
2001-02-13,-31.94406151876733,0.4717702437658615,15.603807994692994,22.828524638587336
2001-02-14,-33.60586942648821,-0.7465541741271635,14.52771936001606,22.455368415626047
2001-02-15,-33.33809958068431,-0.369046065430712,13.683020059834972,23.71296169697859
2001-02-16,-32.38240791209093,-1.4019778278208164,13.754773622452714,22.74173370618091
2001-02-17,-33.48638140105846,-1.2612050523127345,12.925705631013388,23.888269078972563
2001-02-18,-33.805928602712875,-2.7247720679350795,13.323814063250476,26.140128453601037
2001-02-19,-32.71834701597762,-3.123746298390933,12.947445868415567,26.28458610583569
2001-02-20,-31.640565921914334,-1.6607035453164414,13.618802983143553,29.13712028085534
2001-02-21,-30.484057182832373,-1.7497129765024884,12.298934862768961,30.654385421604516
2001-02-22,-30.655912026783604,-3.287455660179802,14.208230323334266,30.41308190512314
2001-02-23,-31.380145364914455,-2.499597684944014,14.969562128762263,30.412426055478125
2001-02-24,-31.442791757020927,-3.5672648544910808,12.795001745615838,30.025490700462218
2001-02-25,-32.19067306078922,-4.6661483904540075,13.495862487352676,31.08138126651675
2001-02-26,-31.23417291174517,-4.492323359523,12.854702138472916,33.42434809044802
2001-02-27,-30.117072776549797,-6.2308691288268765,13.68880782710254,33.56448905628532
2001-02-28,-31.32239008870555,-6.933722739974267,12.581430773937807,33.35513561542933
2001-03-01,-30.44678592892887,-7.146366677172689,12.927815998097236,33.449167518469395
2001-03-02,-32.769089229342136,-9.60230149329865,11.695972840212196,32.902214271622924
2001-03-03,-32.54009662742125,-9.624676612057117,10.358820549508959,31.794114370148513
2001-03-04,-33.44280598222132,-10.218677763317285,11.636244019797529,30.897656345066665
2001-03-05,-32.88204803256028,-9.476903388153929,13.266245862683139,30.004004449910237
2001-03-06,-34.14186404504151,-11.39724898167761,15.762501920615737,29.496013496491507
2001-03-07,-34.95139127148689,-11.126177289535022,15.424550382802458,29.93856100857088
2001-03-08,-35.90486457311566,-12.065380023659362,13.974614552173021,29.486652571498244
2001-03-09,-35.849655559623024,-11.508408607916408,12.704095336070711,29.30469483872175
2001-03-10,-34.78083568057866,-10.718176037747009,12.746919772306363,29.969879291456145
2001-03-11,-33.0314787998934,-10.769138893202488,14.292729842123451,29.26365229973803
2001-03-12,-32.57465363607172,-11.765621159076831,14.832255815078954,29.037565106511607
2001-03-13,-30.60949608273517,-11.434433045548358,15.085851402827721,28.953117959632937
2001-03-14,-30.081260030454573,-11.489714536562595,15.142306269879747,29.614050602634833
2001-03-15,-30.327214265729094,-12.590558027608614,15.875177079924491,30.50128068628393
2001-03-16,-29.260484487733294,-12.061820796443703,16.494000983291393,31.28092734764241
2001-03-17,-29.795231875098924,-14.68091846105115,16.507392928606247,31.564960573742148
2001-03-18,-30.32004373954298,-13.836974143868161,17.019208005236283,30.717443078897166
2001-03-19,-28.923624688807255,-13.619418677614513,15.322623975375889,31.930352444810023
2001-03-20,-26.693030725466084,-13.706214401379354,15.842279815265774,32.4906607454505
2001-03-21,-26.324318089086518,-13.521185079616655,18.295421801458122,33.05523579565563
2001-03-22,-26.07373933371196,-13.852647200145402,17.876483987150756,31.900456102321826
2001-03-23,-24.612274536988522,-14.147532359272281,19.298426384773023,31.15936225955098
2001-03-24,-24.618874229131734,-13.678929298061181,19.685382490247456,30.215069706616912
2001-03-25,-23.93973160024031,-13.051260007958083,17.535685648824703,30.21339379115309
2001-03-26,-23.967838926326934,-13.298198261712486,19.011255712941573,30.054970264817076
2001-03-27,-22.698635298503717,-13.118491398803215,18.74371297021013,30.78161818521771
2001-03-28,-23.954101249636597,-14.902593338715159,19.4880739417413,31.03288546725012
2001-03-29,-24.096693701061074,-13.644878950855912,20.894248395460636,30.7309003976516
2001-03-30,-24.51535570932705,-14.590316638351629,21.62186698178639,30.67413313538016
2001-03-31,-24.3424138133364,-15.393565108847575,21.40201226807831,32.67607192688907
2001-04-01,-25.33118793102483,-16.660282139689027,20.44894685263822,32.50650308742847
2001-04-02,-25.996814058357785,-16.889291977949753,21.56203327855323,32.53444661300337
2001-04-03,-26.741587492527568,-17.882544265341892,21.631157176256643,32.043561653056315
2001-04-04,-26.878557477876345,-19.268624031928503,22.71414845703203,32.62852580346143
2001-04-05,-25.079042387373025,-20.093531484341245,22.332509416776436,33.30572368962809
2001-04-06,-23.733458697910596,-19.75677718311271,21.411311709163595,31.404226574194492
2001-04-07,-23.74903451483402,-20.441528393073348,21.818964555345822,30.67546368574039
2001-04-08,-24.278114443901703,-21.387502528157913,22.302263940851393,29.723124270028894
2001-04-09,-25.046249176934786,-21.14170892784826,21.004414529438513,30.230672882627307
2001-04-10,-24.642936638328234,-20.395963204453313,19.57011723838251,29.263113426967863
2001-04-11,-22.992983405591932,-22.280332847615774,19.228504845372704,26.872599356002628
2001-04-12,-23.65938533552234,-22.751487739460412,20.747170628294114,26.43997510855409
2001-04-13,-22.620691388912828,-22.574446479687225,21.267643653044725,25.192687608137483
2001-04-14,-24.000656869294534,-21.127595169470357,20.786724564841936,26.079248165186822
2001-04-15,-23.81023818039127,-21.87575001024617,20.80396644616523,25.210020574333225
2001-04-16,-22.91091220065704,-22.410831341635518,19.404734805343523,25.8692579705093
2001-04-17,-22.9412225017423,-22.706339266720555,19.8010055020449,27.03626299479985
2001-04-18,-22.895741311948747,-21.724941052837373,19.098061072912476,25.781650487359144
2001-04-19,-22.833695307148428,-21.72445770446521,17.611195716800598,25.808175543671435
2001-04-20,-21.69919224738957,-20.727557564641504,18.45664148176969,24.776182655067384
2001-04-21,-21.79307863939841,-21.651708469321736,18.948221451823574,23.887377066483815
2001-04-22,-21.407201252436415,-21.848709991384244,17.766116362859744,24.838926190667237
2001-04-23,-20.69912470972422,-21.575659611594993,18.017568243201,22.50630646876339
2001-04-24,-20.73567748634187,-20.898679960851165,16.2719676464386,22.402719668878465
2001-04-25,-21.054469388369373,-20.724087828311713,14.558803618101894,22.51752189820465
2001-04-26,-21.183566447188166,-21.010253464828573,14.894784892497935,22.163301097493907
2001-04-27,-21.725822154762817,-20.57156884931645,14.382208976150917,20.285164274789775
2001-04-28,-23.478846832869593,-20.254901105593948,15.296178340247756,20.545438386996718
2001-04-29,-24.02679208358888,-19.57313344242993,15.385309291348715,20.565582342454146
2001-04-30,-24.116636522268763,-18.459689256934155,15.08100027284948,21.74126670234929
2001-05-01,-22.700930194763266,-18.585439294845443,16.65120059979645,22.05144666901257
2001-05-02,-22.38202564333699,-19.47297138071094,16.599152168474518,23.045941582159344
2001-05-03,-22.339858671561476,-20.896267187879275,18.430156126470028,22.886859116426603
2001-05-04,-22.244871700987407,-21.02944873462385,17.214696336584417,21.296693068652427
2001-05-05,-21.815826663529947,-20.062339254332784,16.5260803579642,21.494011974533617
2001-05-06,-21.357219923368714,-19.637430675720026,16.47732644929248,21.57677727795525
2001-05-07,-21.483138052984806,-21.097174681791905,17.19328709061456,20.445701239075376
2001-05-08,-20.821640512601427,-19.782707539174563,15.532969890546319,19.30087474633694
2001-05-09,-19.92633946374124,-20.943294230990993,12.958517938863281,19.727906506796778
2001-05-10,-18.766061622948232,-19.395405400980717,14.082364549195947,19.708472879177673
2001-05-11,-17.132369563141115,-19.692266497494064,14.318809308812796,20.468945250103147
2001-05-12,-16.709035425699152,-19.9793018504281,13.74880882438279,20.609767570845612
2001-05-13,-16.28073947955414,-20.068211516284013,15.866516147751327,21.408056303612984
2001-05-14,-16.282997236336037,-20.25160504243552,15.355231022255024,19.602019492592287
2001-05-15,-16.589873770882146,-19.029876169617143,14.872537017080244,18.703436907946372
2001-05-16,-15.424641437560432,-18.518354205171306,16.12220833330952,20.44518477570615
2001-05-17,-15.63623428027719,-19.739439007389997,16.09179169529964,21.59244857319175
2001-05-18,-15.657339680795276,-18.653965240044965,14.750576606288892,20.46681417782767
2001-05-19,-16.029198363317505,-18.424206829504012,15.001628831425334,20.674734205171866
2001-05-20,-14.950242859744723,-18.55793300461938,14.679926671490334,21.41202283059235
2001-05-21,-14.140916508764615,-21.24337462473386,15.97516799715429,22.1467448116474
2001-05-22,-14.643376007962114,-20.676153822376353,17.57790508776137,23.29541861084781
2001-05-23,-15.390815009889225,-21.059978005133626,18.09843616082691,23.58968911333295
2001-05-24,-15.506803832353002,-20.261254413112205,18.715556796237056,23.3579641528393
2001-05-25,-16.008980766866276,-19.6658697590652,17.094275543284944,23.404807381906792
2001-05-26,-14.987026518802436,-19.162283035470306,15.961433135778778,24.2560677826513
2001-05-27,-14.743862011443149,-18.53759391455793,16.393429993125924,22.978028247696166
2001-05-28,-15.588557289268493,-18.32979336118627,16.985998200754455,21.204762922644274
2001-05-29,-15.573026125279497,-17.583446728808447,16.196916635531654,23.22580898819188
2001-05-30,-15.034853975522873,-17.692080422030042,15.72174577986727,23.027366833933357
2001-05-31,-15.84643279742592,-18.2400989839707,16.05945450862545,21.94421167115172
2001-06-01,-15.738146307080118,-19.20539785094926,15.429506406071637,20.956540213742233
2001-06-02,-15.771113680931801,-19.478226950368896,15.955850277340852,20.15855705354848
2001-06-03,-16.784217611146065,-21.50189912982395,16.26565073992847,22.097221884006633
2001-06-04,-15.999872121203103,-21.239676606572207,16.242507811868037,20.964489503017187
2001-06-05,-16.384227501017975,-22.42673803716188,15.66894476010677,19.324317540565193
2001-06-06,-18.232910449296202,-22.451070505142905,15.762357140821743,20.067110349129116
2001-06-07,-18.143532849882366,-23.64004424957042,14.774211787727538,20.352455504165405
2001-06-08,-16.797414512183195,-22.186399395875235,15.453193764520403,21.374358894730193
2001-06-09,-16.169092267762185,-21.642493551054777,15.00666646928289,21.12394754157641
2001-06-10,-16.81195976289777,-22.337040998011975,15.935824002342395,20.50767543865312
2001-06-11,-17.667893321481465,-22.795836012039953,14.520010063905904,19.55083623726561
2001-06-12,-16.533759976995764,-22.80185668369688,16.002794575309323,19.681750401680773
2001-06-13,-17.65192690867117,-21.15222358026124,14.44719294908996,20.500511664815356
2001-06-14,-19.097989786674777,-22.091491176432157,14.83622160208813,20.604661115993828
2001-06-15,-19.363992863035996,-22.004940873259446,14.732629722477046,20.19888220436027
2001-06-16,-19.759211396588235,-20.967608266194567,12.526298102794708,19.982109007778742
2001-06-17,-17.71050304327343,-20.88647733414292,14.724798524793217,21.19995136495962
2001-06-18,-15.97316304911364,-19.618981613273437,14.615003738415329,21.214593741346228
2001-06-19,-17.0882673425002,-23.0748768897678,14.451082159882908,21.316993303593794
2001-06-20,-16.460038067726728,-23.44192428504071,13.594370375516462,22.210185033636442
2001-06-21,-16.869835026446832,-22.279432306412946,13.105458694646327,20.075164173789602
2001-06-22,-15.493138436455375,-23.500618442427804,13.974372092812866,20.131342009964463
2001-06-23,-16.10641057640371,-21.674549828930814,15.616921828254359,19.84418112306306
2001-06-24,-17.151957416784125,-21.454483969859023,15.401885918226178,20.80860943541989
2001-06-25,-16.613470891489055,-20.055790664419852,16.23192846056194,21.714980176254457
2001-06-26,-17.562211020265064,-21.90683034397829,16.977753927271586,21.90601233565701
2001-06-27,-17.627839574167712,-21.39656624894147,15.74473188502781,19.960268023972944
2001-06-28,-16.346902114268484,-21.62870806480922,17.237744249209968,19.794963098612033
2001-06-29,-15.88731639964549,-22.825795235692052,14.452981245623038,17.354458242776765
2001-06-30,-16.5137161511581,-24.38807541369827,12.866711634124227,16.716513585380866
2001-07-01,-16.482509428045205,-25.090121971834126,12.760949035115528,15.972536559146642
2001-07-02,-15.834825969666724,-25.912470633561554,13.160698644866352,15.072308688067656
2001-07-03,-16.253420693764642,-25.865256695632002,13.866361884583817,15.331548122514784
2001-07-04,-15.099402837903142,-24.735186055310013,14.753695556284908,16.30473843435546
2001-07-05,-13.570798521565058,-24.86818495039218,16.27032645191642,17.558083259921297
2001-07-06,-15.176325905505534,-24.55088460002354,15.298607755517011,19.02347288025762
2001-07-07,-15.357846745471658,-26.25782902942074,13.440425213478797,19.035340522913852
2001-07-08,-15.207197056899748,-26.79676899590869,12.695120557309997,18.906675465740886
2001-07-09,-16.240679685052815,-26.53217825361552,13.149582802915994,17.64545479855506
2001-07-10,-14.71191564723741,-27.516747543896624,13.639293017899112,15.586936565569149
2001-07-11,-13.996478821990642,-28.385060291283708,12.058539420934277,14.790087492850706
2001-07-12,-14.692628584268128,-27.683586064133873,12.919178471290378,14.791065851244381
2001-07-13,-16.20224853435647,-26.72483006530446,11.571506865889692,16.59259409542825
2001-07-14,-15.876059944444815,-27.418615024456418,9.694038658823919,17.02501953289005
2001-07-15,-13.704876813783454,-27.127911778916758,8.966980400024834,15.944394330911816
2001-07-16,-12.641738398171029,-28.20113912349864,7.648036080486293,15.26377602561897
2001-07-17,-11.64110061439669,-29.02342846081555,6.655464645389748,14.618297236763558
2001-07-18,-10.80084161003138,-28.154784346853674,6.04705142014545,12.713105930839463
2001-07-19,-10.504472157834496,-27.283872771597245,5.50696385584319,14.139564905778778
2001-07-20,-9.278870753143257,-29.606085011748647,4.522848545904596,14.19922287526353
2001-07-21,-10.03394600764464,-30.54509441837265,5.495743440791053,13.456679684404575
2001-07-22,-9.511467668035806,-29.421204783137657,3.340145110942446,14.525220011524206
2001-07-23,-9.772042237451581,-28.821605154836195,3.0920500045043537,15.680937447518291
2001-07-24,-9.624670266920042,-29.880257397388444,2.5680608325026943,15.844163223401823
2001-07-25,-10.660836972056526,-30.35145846385509,3.099276658604536,16.262829009276928
2001-07-26,-11.760212505135033,-29.733973532463203,2.6008413400074413,16.333278702303065
2001-07-27,-12.062000098607639,-29.262274039488826,4.222809831247086,15.990786887131598
2001-07-28,-12.83666575399245,-29.907410306822655,0.8723985748261498,15.745623432357476
2001-07-29,-11.702374542263325,-30.443067177600184,0.3445477585587019,14.75188445168845
2001-07-30,-11.37811648466213,-30.239195484916955,1.2277618705418063,14.040897724992188
2001-07-31,-9.524442883029861,-29.86783317006108,-0.04985004743245547,14.726625899375
2001-08-01,-12.018391108463394,-31.594556115818516,-1.282260618832981,16.28981878733859
2001-08-02,-14.134303448766222,-29.384779472966454,-1.6425917130948158,16.98707960657728
2001-08-03,-14.00052952104967,-29.350557547567906,-0.7496391033897115,14.669005057659984
2001-08-04,-14.491061901237691,-27.030612296990725,-1.8843853437294955,15.937537586114878
2001-08-05,-14.895155601073647,-26.80721515387836,-3.4683122928724877,17.30372695263196
2001-08-06,-13.98912997883797,-26.726173458213903,-3.010398209481082,15.411370469770667
2001-08-07,-13.038080638975583,-26.538447333732005,-2.9836672338874624,19.189384124756064
2001-08-08,-13.414176099758443,-25.842355584864684,-3.8697294150968617,19.442438027616532
2001-08-09,-15.626030019867759,-26.928799001048173,-4.545565908166227,17.786748459373072
2001-08-10,-15.515937312581537,-27.35106374132963,-4.209008246004911,16.483090982921503
2001-08-11,-14.898534272882195,-28.86514555507797,-4.865232753966277,16.255309495624065
2001-08-12,-15.365064724572584,-30.252099444420622,-5.743220584986258,16.186740888314116
2001-08-13,-15.888191905079259,-31.05937334721584,-7.130555613245626,16.004778381518847
2001-08-14,-14.130787201485068,-30.88867112644886,-5.35513180789207,15.35066967108656
2001-08-15,-14.536832501684327,-31.44272113788142,-4.834739991847528,16.948101889500506
2001-08-16,-14.672080242542615,-30.75895864121619,-4.446361728910801,17.1775857231574
2001-08-17,-16.22524315523606,-32.2383509495635,-4.041476225185055,15.68577283928349
2001-08-18,-15.566968367877159,-32.30370245365938,-4.123494483682725,15.77789115989972
2001-08-19,-14.776976943965916,-32.631978220760175,-3.676442016607766,15.156663189523146
2001-08-20,-13.29013646384383,-32.94804228193608,-5.707205362245357,13.60230500747161
2001-08-21,-15.54932358477859,-33.127544554788685,-5.532733325766503,12.115693651731133
2001-08-22,-16.696712118526747,-31.644940218931247,-3.68221638712546,11.857501609215221
2001-08-23,-16.15928827185228,-30.986540175099258,-2.8998467431229598,14.205120414884012
2001-08-24,-16.032696825561374,-31.24136931469444,-2.677754042216777,15.587738127682229
2001-08-25,-15.916719425721206,-31.9881730217007,-2.032339235236782,13.8624182458429
2001-08-26,-16.02227706732837,-31.267438851395465,-2.8465080609909017,13.812535084149294
2001-08-27,-16.374906227686957,-33.52938005002135,-3.024074473723623,14.351939207643257
2001-08-28,-16.642093155743147,-32.957605775183346,-1.2372197388385173,13.43331426334364
2001-08-29,-17.740577804015043,-31.666014217617807,-1.6498936897201484,15.704692771528396
2001-08-30,-16.970415539039056,-33.13485534498627,-1.429112640417074,17.863017836701893
2001-08-31,-19.0343864436772,-33.60541922185437,-1.24509168777808,18.094736887430766
2001-09-01,-18.07124847497193,-34.545608169002755,-1.263286944051793,19.170868980337044
2001-09-02,-17.02227473560702,-34.191325868782585,-0.9585931204529576,18.775723703196135
2001-09-03,-16.73436870955258,-34.84728524119132,-1.8175922500526434,18.587523817501793
2001-09-04,-15.79083524991393,-35.6389572555593,-2.0161228380473073,18.49181401969364
2001-09-05,-14.352254528740024,-36.33108693805341,-2.0625693113389247,16.299513901702234
2001-09-06,-14.068447792150897,-37.26496190076082,-2.3997197825013923,16.493353950485027
2001-09-07,-13.169036993767898,-38.14259583652463,-1.2572368539055143,16.585456617873653
2001-09-08,-12.791818942292805,-38.42931900227755,-1.124821435395012,15.583359160774737
2001-09-09,-13.002126009441472,-37.89890491429715,-2.3355080920027307,14.801214307739567
2001-09-10,-11.858945188133957,-36.42095345512689,-1.7152703213395801,15.48209742746729
2001-09-11,-12.076555028493718,-36.37915949326075,-2.5678738666705687,15.694095250823132
2001-09-12,-11.804448027889675,-36.5379030245485,-2.7254115272815604,16.664911273503947
2001-09-13,-11.174165318779654,-37.19192804495656,-2.391541453806192,17.746965845251847
2001-09-14,-11.791976194927031,-37.56163230912856,-1.2006980514166339,17.710784948035776
2001-09-15,-12.005866708640552,-37.73363696139634,-2.826783635522215,18.15247935984804
2001-09-16,-11.09509481201499,-34.86981720678816,-3.0243536705114673,16.421290106995347
2001-09-17,-11.62732014701897,-34.455294432716656,-3.7829404161371816,15.651498332496471
2001-09-18,-10.899807378001173,-36.27514895220338,-3.4646042364265526,16.457834080991198
2001-09-19,-10.844080083063002,-36.02341148098397,-5.846435629064265,17.71996207696128
2001-09-20,-10.117001041213408,-35.989498416955435,-4.929296263277918,17.62529409489619
2001-09-21,-10.335061504155963,-36.89313426694188,-5.948989654211596,17.097985708993996
2001-09-22,-10.005320093046203,-36.07287093373675,-5.690380252126723,16.090106808382608
2001-09-23,-10.343980678321461,-36.5524408428397,-6.5944526294098225,17.72590451239634
2001-09-24,-9.737408710235059,-36.271574054680194,-6.214184095595942,18.82287879180406
2001-09-25,-9.560336751945604,-36.98055908025793,-7.3931072606547055,16.04161437645323
2001-09-26,-7.999056813515979,-35.51967355922374,-7.778952160205699,16.15457108197385
2001-09-27,-7.640291818555387,-34.75816485989418,-8.799786514470142,16.14544342636041
2001-09-28,-8.642012142907612,-33.69610302764187,-9.521379386189333,17.42921037927286
2001-09-29,-8.83820996156073,-34.14962585166536,-8.739075272423745,17.521669010800693
2001-09-30,-7.569629130338109,-34.77929450930687,-9.744775274430545,17.19246841555419
2001-10-01,-7.744571514605254,-34.90926996346296,-10.994981023538362,18.202737714132294
2001-10-02,-7.195578073143354,-35.547526887737405,-8.315461458271283,18.320705208479005
2001-10-03,-7.5972703915666076,-35.46226453366939,-7.511756262248809,19.797939486417135
2001-10-04,-7.930600107639648,-35.09974994200333,-6.560070405816812,19.013197606028964
2001-10-05,-6.514409548671658,-35.54606940265047,-5.973537655260189,20.960830279733884
2001-10-06,-7.272194330742044,-36.13970442812848,-7.009236521365277,20.990003730053765
2001-10-07,-4.682659804847404,-37.00795441565532,-6.298185483592712,19.751393597487642
2001-10-08,-3.6937215524303406,-36.4424168480052,-5.386782489263806,19.539348865460386
2001-10-09,-2.8407854364226015,-37.11112641596968,-6.347626793670527,18.549443405983546
2001-10-10,-1.7517911959373667,-38.08598767655154,-6.811218038647833,18.90041325908122
2001-10-11,-1.3806108397094992,-37.344227567309986,-8.210130124779749,20.14639730665082
2001-10-12,-0.5112471607927855,-40.771274960100335,-8.576599569484781,19.493660558475934
2001-10-13,0.37252332726647774,-39.78542784475686,-11.043277346158426,18.222392715471397
2001-10-14,1.6649084191517654,-40.415613203197374,-11.089953263847239,16.750689714201226
2001-10-15,0.7464142102496863,-39.5715227127263,-9.890778799010128,16.960686787697213
2001-10-16,0.7864320253723687,-39.269669192254646,-9.968647360556629,18.204799442251073
2001-10-17,0.13424589691336974,-39.93773296144479,-9.456603233644017,16.357634299470632
2001-10-18,-0.27998143548953325,-38.35246007695992,-9.311287910258775,15.763067638631547
2001-10-19,0.6235708279024954,-38.69616250323932,-8.822700577610874,14.459376533653492
2001-10-20,0.20390874694632222,-37.86221876019476,-10.542489404392724,15.20965255698411
2001-10-21,-0.14215701826650096,-34.45633216017825,-9.210464058889839,16.177896374867977
2001-10-22,-0.040891830952789227,-36.79635951096252,-12.114235686682676,17.497511989939234
2001-10-23,-0.30886448337190087,-37.05143603032027,-12.35104145776781,16.176726710334957
2001-10-24,-0.9925806681771427,-35.98502781803945,-14.624278026977366,17.487444169389377
2001-10-25,-0.9485534046919143,-36.65563494174935,-15.557510503528741,17.30802145348235
2001-10-26,-0.3371506443821818,-36.915766759347235,-15.334822627587485,17.586883042334524
2001-10-27,-2.411853564610626,-36.12695340101335,-15.75097694761112,17.329852611801666
2001-10-28,-2.062487432147147,-35.69918621523873,-16.621492140096468,17.19731548921754
2001-10-29,-3.3471661183057044,-33.58872475865483,-17.43961278443597,17.18411065469477
2001-10-30,-3.171474660567581,-34.193694370671516,-17.04192199945473,17.59369886682183
2001-10-31,-0.4951271879641217,-35.577735842733,-16.74386258807262,18.661043343072215
2001-11-01,0.7261688961074537,-36.564739116398094,-16.12628121267888,18.61571166773552
2001-11-02,0.45907360716818196,-35.99467925909942,-17.302544698999597,18.1433353007566
2001-11-03,0.10568204260831499,-34.61824325749289,-18.23268489921199,18.86021449964357
2001-11-04,-0.12095393098812598,-34.626979789765095,-17.107999222230696,18.91597094456536
2001-11-05,-0.6839468101902753,-35.8815625323276,-15.823492159594187,18.992912594977437
2001-11-06,0.29941430061599383,-36.58950733129099,-14.385646367049743,19.226209469177434
2001-11-07,0.33952643992352316,-37.28400538219861,-15.705202858058916,17.895749018263533
2001-11-08,1.838383779023683,-38.52115839029421,-17.05817379231478,18.57638309221302
2001-11-09,0.7340745287990103,-36.66332982005174,-15.107627229183938,17.761699999270245
2001-11-10,1.6792393158934527,-36.472713916848136,-16.01349224665357,17.617552161022388
2001-11-11,1.2640712512374985,-36.915018636311814,-14.806396113133443,17.49527128281985
2001-11-12,2.138078541567558,-37.685617624764156,-15.976023124402069,18.215842231554028
2001-11-13,1.433714783497475,-38.48461755628238,-17.090258000228488,18.67303252521335
2001-11-14,2.416108182473902,-40.3416410154637,-16.39759472131595,17.617681673605396
2001-11-15,2.0208117167029895,-41.17338814971135,-14.82309193024368,18.849351876282658
2001-11-16,1.789097373075768,-41.341569216639044,-14.452102926425313,18.61215095353125
2001-11-17,2.6514148221975806,-40.930727950891956,-13.686732970822744,20.046142619799365
2001-11-18,4.024273962536252,-41.50537298086905,-13.716766560470642,20.7044760583927
2001-11-19,3.4714588828480806,-42.07164100728562,-13.34569076527213,21.90547229333404
2001-11-20,3.0475021732449816,-40.83960956012915,-12.527560517516708,22.888825716747355
2001-11-21,3.0978139260494633,-41.11914820641487,-14.604177985258723,23.970253000988066
2001-11-22,3.568285654959502,-40.57483819638912,-14.713257946344276,24.521222482022083
2001-11-23,3.866085860716939,-41.634340273632496,-15.973815366782837,24.444067232175925
2001-11-24,3.5745804885735,-42.44191930529705,-15.052512809479294,24.584941924622367
2001-11-25,3.0116161933846755,-41.68809537600769,-16.3685089816288,25.958419260563875
2001-11-26,2.2318670623716494,-42.905335516463076,-17.16461605658517,25.501741540095157
2001-11-27,1.6706119461365114,-42.78852019400015,-17.70757418492807,24.761758535792307
2001-11-28,2.5060552872941853,-42.64693147520549,-18.923139185969376,24.87798790432473
2001-11-29,3.7116403089885543,-42.38823506640552,-20.601448390895886,26.241379577741988
2001-11-30,4.251834253720054,-42.003599906908676,-20.57783516695108,25.766226853251066
2001-12-01,3.4206225304072833,-41.44567049549561,-20.008577667238367,25.06233123199013
2001-12-02,1.8477303988720062,-43.27433377300327,-21.6331302914908,24.653785472198447
2001-12-03,1.9700082689269613,-41.50750285555233,-22.331899077757246,26.426240348785296
2001-12-04,0.5717402535207754,-41.3185262874019,-21.920533840891384,27.122977503059456
2001-12-05,-0.21574864089711343,-40.35487505609094,-21.68708792022586,28.687544264396607
2001-12-06,0.7626523457054044,-40.76525580460053,-22.60527647630761,28.66833217079529
2001-12-07,1.4582669877144547,-40.34365136721761,-20.381927306053516,29.217739146206323
2001-12-08,0.34215618486083166,-40.17332016972489,-21.197507046146438,29.370963087356603
2001-12-09,1.082206261494911,-39.53822120777411,-21.4055604760324,30.409868885348075
2001-12-10,1.3933209420778112,-38.98165767094499,-20.889910626287175,31.10789269825767
2001-12-11,-0.23533090562547576,-40.15786208439794,-21.362148024687105,31.5139548923783
2001-12-12,-0.734511669966174,-39.53645748436721,-21.45624121764387,32.8469778458348
2001-12-13,0.05875286146709369,-39.17251682159079,-19.457553018242383,32.85633840341035
2001-12-14,-0.361183378903983,-38.407211006912526,-19.74966190394068,32.15761822512249
2001-12-15,-1.267267780120884,-38.44650612522796,-18.995809259911564,30.902540619310997
2001-12-16,-0.4455539396320839,-39.16591956009793,-19.4344086807331,31.12446915825358
2001-12-17,-0.11648905532808163,-39.99647467731237,-19.96621776087956,29.71272965522313
2001-12-18,-1.0494120526946764,-38.93198770490079,-20.84141159726499,29.341264962929742
2001-12-19,-0.8183766635806153,-38.841106408505276,-20.14819422005766,30.559128855442992
2001-12-20,-1.9016788468461348,-37.79197098230061,-19.501637161852752,30.83400000172056
2001-12-21,0.24633427327359514,-35.494139168820766,-19.851750053444874,31.887628068959362
2001-12-22,-0.32501230115775925,-36.22048085978221,-20.460568255909667,31.00658384858731
2001-12-23,-0.565359558386655,-37.3187877858209,-20.29836696487442,32.899961921378164
2001-12-24,-1.2464453530258501,-37.84822329507991,-18.902145253830966,29.932808260245586
2001-12-25,-1.8424532592970397,-38.95651227243311,-18.643022986176035,29.51019944482504
2001-12-26,-3.397411388413036,-36.79050294945206,-19.74771758125751,29.41299966497302
2001-12-27,-2.534002227734409,-38.36174286187501,-18.67225375718799,30.30687272986383
2001-12-28,-2.92579401030415,-37.008334167034874,-18.814699396510647,29.44893998883853
2001-12-29,-2.9684927022600207,-37.14824553294552,-18.783334856468333,28.037950005279367
2001-12-30,-3.6054355717303466,-33.99276015750929,-19.4575177477136,29.626399216151974
2001-12-31,-3.2811202499523233,-33.224630794359186,-18.49056758224015,29.999912571009826
2002-01-01,-1.8238348452677011,-32.54403179965798,-16.63255671376443,30.450951137060557
2002-01-02,-2.7084211197110406,-32.182883961712896,-15.488675236113703,30.951864545450473
2002-01-03,-3.3183398751415774,-31.691182249688133,-16.74152183945084,31.590631325177892
2002-01-04,-3.93027955743745,-31.07389646191354,-17.274025443110236,31.285310162543205
2002-01-05,-2.3389603067654745,-30.11779315469409,-18.303325436153077,31.382343589426814
2002-01-06,-2.0475481909249993,-30.023082459757383,-19.799600089379926,29.874623175730555
2002-01-07,-3.2750994015944483,-30.457596734259145,-18.1021618142965,31.070080603325007
2002-01-08,-3.4165302171380887,-31.856772553383024,-19.566416217203233,32.19903949584897
2002-01-09,-3.8880566231858533,-30.25534974759622,-20.304740213940832,32.23435863463622
2002-01-10,-3.8036995686028905,-30.370596919461963,-19.664944307534984,32.96211940990673
2002-01-11,-3.806858084949384,-31.14668464698832,-21.128955271827227,32.282634814985066
2002-01-12,-2.831153938049089,-33.21294324252384,-21.77076589590839,32.112910538843245
2002-01-13,-2.5748482744385206,-33.97148646113762,-22.14555198490279,31.347396376844106
2002-01-14,-3.518157313597035,-33.16656491837964,-22.963101312168327,31.426470555156317
2002-01-15,-3.7130961838028944,-32.81907649073024,-22.392682006290855,33.27307956699023
2002-01-16,-3.4712849746877623,-32.27472521549604,-21.89848011695403,32.65437333009674
2002-01-17,-3.4934829423777884,-33.17624487714918,-21.618262271854384,31.93981359070748
2002-01-18,-3.898868057733531,-31.793151498926495,-21.651563129338236,30.60929227892949
2002-01-19,-4.839424444917681,-30.201513449785626,-22.722382264609603,31.114226753705235
2002-01-20,-6.956304423016533,-30.755679552302308,-22.280347838187744,30.905548273761383
2002-01-21,-6.962227799889618,-30.70737220358716,-23.634837716662666,30.75610593532506
2002-01-22,-8.157387434486623,-28.552970259962606,-23.944131616039968,30.979318179112997
2002-01-23,-8.554023420979634,-28.022328599930706,-23.9802692445204,30.629477740913412
2002-01-24,-9.309053867213617,-27.428461613908745,-23.86205905657424,29.911931062328385
2002-01-25,-6.973503962045209,-26.88395859716457,-23.89012292500124,29.812287979948167
2002-01-26,-6.904445361895196,-26.334270125488896,-24.55807915610892,31.56335622255289
2002-01-27,-7.245518278337873,-26.71112017732507,-23.22250453695713,30.84965673611621
2002-01-28,-7.146966622910688,-25.042723442740275,-22.594658384408888,31.24246999328683
2002-01-29,-6.847435027425695,-26.404923068786772,-23.39983653845136,32.23468170373517
2002-01-30,-7.505335838237481,-27.05832930522956,-22.679554136287713,32.21231175122165
2002-01-31,-7.328741307023023,-26.981672593766945,-21.285881355123713,34.571980214067764
2002-02-01,-6.625978392052161,-27.595480732797565,-21.771458730538274,35.58699285567836
2002-02-02,-6.950212958969329,-28.96456347556031,-23.436664251573777,34.26348825596673
2002-02-03,-7.957398545100684,-29.541549698948362,-22.972612884899302,33.63020458299074
2002-02-04,-7.522232535127546,-29.13039578494477,-23.615187948620527,33.662240135963096
2002-02-05,-7.432695586341848,-30.18900037518774,-24.670545430275702,32.11784148329912
2002-02-06,-7.525897350862175,-31.573634249276957,-25.083714788398375,31.319835099266992
2002-02-07,-8.49280241494092,-32.815999142209705,-23.05402589859355,30.050968994820874
2002-02-08,-6.708255146462666,-32.80484330005001,-22.377361187751312,31.912137735217907
2002-02-09,-6.822515373444454,-33.88877415424786,-22.58393881405112,32.18671993292622
2002-02-10,-7.005779457289501,-33.05684208089789,-23.825177828524676,33.12183877684436
2002-02-11,-6.613230099900954,-32.586218362972524,-23.82032516582811,32.23252533367199
2002-02-12,-6.066411391780153,-33.73649289701122,-22.087298168079155,31.260261825056944
2002-02-13,-5.5652330262024075,-34.00740290722202,-20.366807017302136,30.74414394384326
2002-02-14,-4.838222923735391,-34.95091590020119,-21.329425690517123,31.77090963342417
2002-02-15,-5.695211743347313,-34.904587813257244,-20.115057109970092,30.459948997372024
2002-02-16,-5.948491880970607,-35.847220114632705,-20.14024061134415,32.04194069843013
2002-02-17,-5.957818289092955,-38.03577670346689,-21.38189209247652,33.196662472210164
2002-02-18,-5.992937455705922,-39.40348463039403,-22.670570522705617,34.10087728472679
2002-02-19,-4.339029824530332,-39.83873422034439,-24.494343852397936,35.26381399288597
2002-02-20,-5.26872537613374,-38.86089560430541,-24.69475325341747,35.129183767541655
2002-02-21,-4.262809702840482,-40.76687882539488,-24.44909382599732,32.49626936068332
2002-02-22,-6.2719820689718135,-40.014451158327034,-25.563390680013736,32.04146803479753
2002-02-23,-6.956661027450435,-38.46754741358445,-24.04688118553492,30.733761145863742
2002-02-24,-7.103906061113185,-37.93050991842134,-25.171156459921427,30.456294980370778
2002-02-25,-6.433984831533431,-39.01772400174615,-25.805171892266785,29.17751494972169
2002-02-26,-4.019706958699652,-38.31529763048055,-25.546778674243317,30.637009318792888
2002-02-27,-4.295668391082981,-38.216072215026294,-26.851159544614905,32.75758358359515
2002-02-28,-3.659261033496824,-39.1289941552133,-27.12948128144952,33.74555886809165
2002-03-01,-5.0572180970692076,-38.86077255812026,-26.730381929871125,33.47960843499683
2002-03-02,-4.101478742867066,-40.225629406449585,-26.624820755843608,34.42005141030879
2002-03-03,-1.2430947998327126,-40.21872849305197,-27.167153027695306,33.94494888961037
2002-03-04,-0.05941912594080212,-39.08520906342769,-28.022391601566895,33.75352367448411
2002-03-05,-1.9929456392947087,-39.65652632482578,-27.84818774351074,35.09104947417924
2002-03-06,-2.7321196477482483,-42.14462411737965,-27.255711811434768,34.13487241693123
2002-03-07,-1.4434378780157782,-43.1008598233787,-28.018775603809257,34.475524765905014
2002-03-08,-0.260879613509416,-44.34580269897035,-28.471605192305432,34.086093442735056
2002-03-09,-0.7975577771548721,-44.86064551549515,-28.243858079940633,34.309432039535636
2002-03-10,-1.4088656198241862,-44.08162617492021,-28.461059079435987,33.774260433485956
2002-03-11,-2.0342474563739756,-42.733044715273294,-28.442053833229604,34.84324503806317
2002-03-12,-3.015470391232885,-43.0313552310961,-30.022001037690586,33.55186303768192
2002-03-13,-3.9594295470840777,-42.42656600821337,-28.535067080157685,34.4876870329955
2002-03-14,-4.309074218543589,-42.32986159199498,-28.068757555127107,34.09622382460361
2002-03-15,-5.186925564769455,-42.88535019607568,-28.034495401964307,35.90369133325695
2002-03-16,-7.218008994851623,-42.274527607914195,-27.043624702613883,35.47227326012585
2002-03-17,-7.11857015922241,-42.013368684583895,-26.360461151615986,36.25146973320005
2002-03-18,-6.922500497021235,-41.132574191442544,-25.91544641138326,36.13005807716079
2002-03-19,-6.948086319054229,-40.4699482548684,-26.536885299738252,36.180388478892944
2002-03-20,-7.392108458350661,-41.845008731267875,-28.96186509889,34.94507244091887
2002-03-21,-8.036874442948848,-40.3637575153819,-29.735723487921785,35.76645375605753
2002-03-22,-8.113705593214704,-41.20712562572432,-30.802559480581685,35.44617449897973
2002-03-23,-9.389070006757494,-41.679646334717056,-29.719788122726893,33.86389666703185
2002-03-24,-10.166674461768912,-42.22097182177683,-29.930082158015797,33.86826949218614
2002-03-25,-9.480067037768613,-43.672704975287,-29.966063609779347,35.077798629221824
2002-03-26,-8.711009079434444,-43.15724364927423,-29.861720400959083,34.54554471376851
2002-03-27,-9.70161084052376,-43.25369810074096,-29.102394489974422,35.0436513539485
2002-03-28,-10.220905967143565,-42.869074361909625,-28.35205017203296,34.544130628517095
2002-03-29,-12.023749260078507,-44.60451551045686,-28.487576438000303,34.91818224683488
2002-03-30,-12.240501540682303,-43.58589247342763,-26.848884015278152,34.77720419911195
2002-03-31,-12.13145628048911,-42.3750315330829,-27.026645057727862,35.63259789212585
2002-04-01,-11.553833500576445,-43.53435035713545,-27.57489694028388,35.71002217583663
2002-04-02,-11.231691898964588,-42.654966021704844,-26.864141992633414,34.96150329771076
2002-04-03,-11.5980233337993,-43.50049526466163,-26.604634410420957,35.30649413471199
2002-04-04,-12.180166592247913,-44.34432090886285,-27.497371555520836,34.46039515137978
2002-04-05,-10.614378402953694,-44.62552081376898,-26.752546366579264,35.52112084818378
2002-04-06,-9.661361479822556,-44.12681620545099,-26.224571793475405,35.96197281963892
2002-04-07,-7.628582912055686,-43.104495107812426,-25.088759537434306,36.72242524224136
2002-04-08,-6.440825562585725,-43.867301692823425,-24.784348831627263,36.636473870302176
2002-04-09,-5.391434877806072,-43.94421893222106,-24.55706532379518,35.99951217081585
2002-04-10,-4.18641271563359,-43.794005946649484,-24.282893893887334,38.54941064048547
2002-04-11,-4.303112130512971,-43.609112128636504,-23.947343943437446,37.980862024886996
2002-04-12,-3.824474098657006,-44.71973715838381,-24.509487995989577,37.66150097487553
2002-04-13,-3.2126015106257975,-44.33520398779706,-23.956563742837933,35.304893863038345
2002-04-14,-3.059937291834867,-43.614206589896455,-25.042894795502033,35.88592996012589
2002-04-15,-1.3202029156215405,-44.82397528815072,-26.038296830086118,34.64149068841617
2002-04-16,-2.9846863417636627,-43.9115506036609,-25.16858466253472,34.03035508364858
2002-04-17,-3.446734205328278,-43.90761452300441,-23.17730943219932,34.20162014862681
2002-04-18,-3.6417160126273744,-43.48560997044644,-22.347286696489427,35.75164217642579
2002-04-19,-4.131079168503134,-44.355865569404166,-22.29295340756792,35.53158251922101
2002-04-20,-4.202120242241466,-43.31318831614849,-23.181300397418394,34.98607746778589
2002-04-21,-5.573365549803283,-42.66470187805559,-23.677326347373306,35.160535666495605
2002-04-22,-5.355820315124147,-43.45451362468811,-23.728701127820237,34.03818989270488
2002-04-23,-5.466707987609597,-42.0049837442698,-24.25356005600022,34.45673974114397
2002-04-24,-4.730119273460344,-44.62535406602222,-23.6525482169847,33.88682460875846
2002-04-25,-3.700841187639246,-44.45320332501195,-24.20456242477839,34.71759185940159
2002-04-26,-3.617962580456833,-45.62017536431314,-23.20316793360874,34.73618709050565
2002-04-27,-3.688950892335359,-45.27261713773138,-22.525211107226976,35.623288936906945
2002-04-28,-2.0352313243299114,-45.01693590302855,-22.61442338354408,35.60979396958524
2002-04-29,-3.4933526902775425,-45.720067953866426,-22.942862108983586,35.892388191530486
2002-04-30,-2.4218841232569543,-45.70754049667762,-22.764609079099372,34.816166370185144
2002-05-01,-3.3181749799852778,-44.50461075486559,-22.38177088126881,34.2792751121743
2002-05-02,-2.874533955581515,-45.273968399117734,-20.438834499683196,35.33082336621899
2002-05-03,-4.186404617470798,-45.3921168001638,-21.17652120578588,34.08591215547301
2002-05-04,-5.559566409488814,-43.22062983553435,-21.127617709627525,33.60009375174278
2002-05-05,-6.1670889687537915,-43.69920061957512,-20.212621684664096,34.0667529017233
2002-05-06,-7.736214072124366,-43.37392593940354,-21.33431626255855,35.59486043394373
2002-05-07,-9.739683449815285,-43.99562098649967,-18.91183960373156,33.28364264703264
2002-05-08,-9.752136808055065,-43.902619061666044,-19.01874152570363,33.850783260217675
2002-05-09,-8.892046034054495,-43.25745626526377,-20.118929536568135,33.58974975572032
2002-05-10,-8.827641451303707,-41.805219220180916,-19.949586820246854,34.316114554747664
2002-05-11,-7.70086536403128,-41.89718095371325,-21.993696790665243,35.36234880323814
2002-05-12,-8.516719680482893,-41.62470562293138,-20.851028451147393,35.287956095254884
2002-05-13,-8.302018974221053,-41.657373857257795,-22.600880167187643,34.35863910838796
2002-05-14,-8.067684842686699,-41.04715937320098,-23.737543993478084,35.125706887904606
2002-05-15,-8.09957787265206,-42.58597112293799,-23.381072266864546,35.303779110944554
2002-05-16,-9.844461047915562,-43.10731465172021,-22.70765494856017,35.85432002714024
2002-05-17,-9.87170433129427,-43.56930072691654,-22.369786253433585,35.49090379020782
2002-05-18,-9.099077992831262,-44.082798361062466,-22.098277976998393,34.530410962372116
2002-05-19,-8.22516649996526,-44.77660657294097,-23.268061013874668,33.89619209883892
2002-05-20,-7.518566397873742,-46.34575004845126,-25.38724136660847,34.6775821295353
2002-05-21,-6.298176534438229,-46.42085814185777,-25.29491606251612,32.76630119623091
2002-05-22,-5.310868234205913,-45.96684399882477,-25.65986951094794,33.271732372960834
2002-05-23,-3.6300305647173445,-43.99133547271666,-25.584387949764306,33.34934854929963
2002-05-24,-4.339176852751375,-43.445052248529144,-25.60667867679291,33.89118806738315
2002-05-25,-5.290750188316723,-42.68726465494427,-24.094869482464183,34.31931605171472
2002-05-26,-5.946469261224877,-41.51808482293004,-24.52198597028594,34.5257710742691
2002-05-27,-4.782195486584472,-40.339042754900404,-25.42251159347421,35.31778006108147
2002-05-28,-4.5529285503651895,-39.520435928443646,-24.034279588709072,34.86267112724548
2002-05-29,-5.74376030076106,-37.953134657562984,-25.35260537969599,35.330617208494346
2002-05-30,-5.91820300248231,-38.33042615299211,-24.767994402614754,36.39517582538169
2002-05-31,-3.8120979042191085,-37.036018485358895,-24.904039138468594,34.577165740504014
2002-06-01,-2.871823816290466,-37.16644664664468,-23.87703132280623,36.084993223722634
2002-06-02,-3.5924512397868162,-37.31831809383707,-23.301243319365735,35.91980596463357
2002-06-03,-3.4149719273037173,-33.69889980321361,-23.20516388465852,36.06232046079707
2002-06-04,-2.8582845535954773,-35.31420106711217,-23.43870238623491,36.45358448495463
2002-06-05,-2.870514216044488,-35.32613048604425,-23.602894168831657,35.9042765199703
2002-06-06,-3.501357162006671,-35.249612947442344,-22.423575388750393,36.44949042407531
2002-06-07,-4.551957958615597,-35.74623280650223,-21.948498273265187,37.71712327466361
2002-06-08,-4.645611939074879,-35.68240326810325,-22.23944353837533,38.825433849155
2002-06-09,-4.743563047416288,-33.38608358895587,-22.681155666049694,38.20986806656304
2002-06-10,-7.4739440604965175,-31.56834108683462,-22.421369663148816,37.77839263301919
2002-06-11,-9.33037198297782,-31.74751664017043,-24.29990010657074,37.02233041387443
2002-06-12,-10.564907181407115,-32.80561918209863,-25.329352019895243,35.76341508368213
2002-06-13,-10.987571360501219,-31.208781478554137,-23.910611474815575,35.09141216322497
2002-06-14,-11.116005138582064,-29.744646582948207,-23.163988818149523,35.072596025092125
2002-06-15,-12.375712515410804,-30.314827461141594,-22.671249416953394,36.27017036572778
2002-06-16,-14.20183827155578,-30.199423439101643,-22.38778407898675,36.33298614797636
2002-06-17,-14.837825369050227,-28.059651743656985,-23.704682617014214,37.671764751987006
2002-06-18,-16.93352889103301,-28.416969849367447,-24.09462679104327,36.80964314975514
2002-06-19,-16.667302191538028,-27.359355020353775,-23.27003937237132,37.69997669642293
2002-06-20,-15.611334842961751,-28.540997354826082,-24.550564989300607,39.43602697676261
2002-06-21,-16.060698926398565,-29.81500706413666,-24.93824218907927,39.41335318530887
2002-06-22,-15.312635138534578,-29.598144411677563,-24.508194818250974,38.89322131195453
2002-06-23,-16.000385518651367,-30.448763992309647,-22.99750162107333,39.90708553786904
2002-06-24,-15.940267932009904,-31.20064710097921,-22.130642194417018,38.064787912531685
2002-06-25,-16.858563018600428,-31.489661515017197,-24.4687554241523,35.47044948598759
2002-06-26,-15.080189998415667,-33.02661397906433,-25.81824357538762,35.26046960330722
2002-06-27,-15.443279440936045,-34.44945735411439,-25.32150102473192,35.605999670065174
2002-06-28,-13.72639249164691,-35.05100939612546,-26.61692384688853,35.19926237241073
2002-06-29,-15.945607789418913,-34.77376667367823,-26.1329417447729,35.26924491831167
2002-06-30,-16.531414539304713,-35.15019768215858,-24.45381566287252,36.02949204435141
2002-07-01,-15.601735323917874,-34.806816869534416,-25.88472710226936,37.478132307877395
2002-07-02,-16.136582503929297,-36.44180108481018,-26.003379562904783,38.17294301946497
2002-07-03,-17.386351582168967,-36.182102701049736,-28.866060789032193,39.14219610062948
2002-07-04,-16.906616503752065,-36.765236626242476,-29.079144175776023,38.929427925960276
2002-07-05,-17.220204940250195,-37.51156016327699,-29.97339284541879,40.31853461992568
2002-07-06,-17.75533586368607,-38.26557156059412,-29.451946991612395,38.80357599231809
2002-07-07,-18.284204695159886,-38.844651111403,-30.471307792420024,38.36134644756578
2002-07-08,-17.79648051548716,-38.67738630462222,-30.659659193756607,39.82732233763235
2002-07-09,-17.931977330282802,-38.32177445747941,-29.83464903965205,39.92692766058058
2002-07-10,-17.305604541936773,-38.06986537408538,-27.154348524016296,39.79196868134243
2002-07-11,-18.203295791826402,-39.720608900070886,-27.838862465845747,40.08258382308516
2002-07-12,-17.805140234894196,-38.845641501188155,-28.31843760068813,40.48534251604996
2002-07-13,-17.670953958425745,-39.24554254810135,-29.872396029477322,39.408364594171864
2002-07-14,-17.653022582042052,-39.646098259523875,-29.58069933080588,39.31696009887545
2002-07-15,-16.5051774903761,-40.2503945697148,-30.75131184661369,39.42584818245807
2002-07-16,-16.595181590628407,-39.72399591301795,-30.420478021358832,39.11418295628972
2002-07-17,-17.727702744426875,-38.159811593707786,-31.32984273150176,39.557113596221605
2002-07-18,-17.177807044304224,-38.21235599460384,-31.42719219553451,39.855320398505164
2002-07-19,-16.58393176210624,-40.319536520800234,-30.783040196527306,40.97304026218091
2002-07-20,-17.106843561813598,-40.47729300540101,-29.871767960501682,40.317800516891154
2002-07-21,-15.806489734470828,-40.69487456852973,-29.26338245027535,38.875448913522845
2002-07-22,-15.596116807758845,-40.76743974910312,-28.672270873140647,40.22179175416501
2002-07-23,-13.64058409478369,-41.01134355312129,-27.93934091621876,42.566659258501765
2002-07-24,-14.035456628755568,-42.053320638077835,-27.784015371273323,43.19480138927996
2002-07-25,-12.99118591690967,-41.62325442712265,-28.830124111200888,42.87874819304721
2002-07-26,-13.257710174599696,-41.073845052394034,-29.694227948029088,40.46926129631688
2002-07-27,-13.53706149209987,-39.70582888018418,-28.932776305664134,39.77784444075454
2002-07-28,-13.747148588425832,-40.483766379159405,-28.943472483856194,37.827571015571756
2002-07-29,-13.396403795916251,-39.30381400471459,-28.30487356369887,37.62951033091391
2002-07-30,-13.105721118693848,-40.239969497857125,-27.772240825911826,37.806645906402515
2002-07-31,-13.485351729514816,-41.56667711187371,-26.309862431262548,37.91146874762613
2002-08-01,-12.5577881628168,-42.14219170182652,-28.829713443003676,36.95454979112443
2002-08-02,-14.273732032807217,-41.98259802959294,-28.196093911568425,36.17494064797126
2002-08-03,-13.571806245919472,-43.105740958883175,-28.93870316393976,36.84013187357182
2002-08-04,-12.48867521771402,-46.0954786635761,-27.58261749174554,37.86460180624087
2002-08-05,-11.19349774537261,-46.12872057312309,-28.873342863850276,36.584881201702686
2002-08-06,-10.19370550164398,-45.79932337630384,-29.358026343132735,39.181400374396176
2002-08-07,-11.385098266603146,-45.4246175941224,-28.987092243556223,41.09308117614883
2002-08-08,-9.569955434620718,-43.908722269179684,-28.859146344746186,41.89248015406346
2002-08-09,-8.022709328860513,-42.65918666934472,-28.527581362843243,40.517954245286155
2002-08-10,-7.6251720654883295,-40.71754777995132,-28.31963380304066,41.09671685694783
2002-08-11,-9.074428106787916,-41.515228181336894,-28.472558893395295,40.103554013696694
2002-08-12,-7.538874562141607,-41.58373703138575,-30.35282147217596,40.34840034511868
2002-08-13,-8.665427984023983,-40.112175671921214,-30.185428492437655,39.48472557611478
2002-08-14,-9.621339031003396,-41.27988288379418,-29.83829740824277,38.31994816451733
2002-08-15,-10.710810699873704,-40.52131970100919,-31.194668280596936,39.50418058536792
2002-08-16,-10.399090737264515,-40.41947749756019,-30.999237673498033,38.508270480663775
2002-08-17,-9.893816626073232,-41.96511773672207,-33.03210788315345,38.6589974226865
2002-08-18,-9.54904832104519,-40.039859292911814,-34.713755197434146,37.75202105358312
2002-08-19,-8.826123217879893,-41.13914566583339,-32.63921830291765,37.79439605507791
2002-08-20,-8.840902096007444,-40.93280006193493,-34.04191927762041,36.911132656227245
2002-08-21,-6.923822808481713,-42.826422601473,-33.36371433314198,36.32676045413732
2002-08-22,-5.082189693829835,-42.85189360422493,-32.23103560299643,35.57921284256904
2002-08-23,-5.414102471732297,-43.51376029862702,-31.546371280336636,34.74888532695809
2002-08-24,-5.431905968346146,-44.38043942927134,-30.680820907460028,35.08028988220768
2002-08-25,-5.032518370724157,-45.30489100602197,-29.81149968681831,34.926835136406126
2002-08-26,-4.995427205206237,-44.29918923094498,-29.516835531765683,35.159444133185865
2002-08-27,-5.295702221979508,-43.96340551160392,-29.634502992009303,34.20658199260823
2002-08-28,-5.963647870776968,-43.98302885831291,-29.047500878580156,34.97352625706706
2002-08-29,-5.094547986879533,-43.91644001387314,-29.326192670567348,34.38556707035008
2002-08-30,-5.120628346155238,-43.46442379058003,-29.635222147846154,33.060083817862214
2002-08-31,-4.365097206013707,-43.814153091208475,-28.65661457953774,31.97166553543601
2002-09-01,-3.727442887623378,-45.600179084589406,-26.866446274449842,31.30634636731016
2002-09-02,-2.9189178431559366,-44.573092742302315,-26.949315942398698,32.15100558898834
2002-09-03,-2.2877493931393484,-44.61020067288629,-27.34387572040058,32.83733459088153
2002-09-04,-0.2420677085619385,-44.02005373679175,-25.602582407756554,33.264487119689015
2002-09-05,-0.5746521752854643,-43.95831625514719,-25.161059517344817,32.51292890153612
2002-09-06,0.12369721720425464,-44.2859242513962,-25.701772938452876,31.813585574141307
2002-09-07,1.180706303617297,-44.45913735152596,-24.565884915294934,31.55620402353906
2002-09-08,0.572376583500695,-44.06165590675313,-24.49022308129535,32.37393786215009
2002-09-09,0.5613921076256798,-44.42492262460207,-25.08314437489935,30.738354877452867
2002-09-10,0.9729443677573898,-45.12963141338439,-25.00202861142737,29.693607536819517
2002-09-11,0.08306998256497333,-44.69471977632282,-25.706860532355147,29.95663065180916
2002-09-12,-2.6537285586164034,-45.68063096078607,-25.301500231972188,30.311035545291027
2002-09-13,-3.280689766800612,-46.90457269688669,-24.260357246395355,29.52619612849967
2002-09-14,-3.1961299785898065,-46.132064499996645,-24.690843348821506,27.925786175912926
2002-09-15,-5.166391251567241,-45.30732565994799,-24.740254951557258,27.606168216401066
2002-09-16,-4.207923884877055,-45.51066756368642,-24.315301752399527,26.925654524064406
2002-09-17,-5.383817947508378,-45.588275978478485,-24.1429404893998,28.050228953565103
2002-09-18,-7.09257396114492,-43.547677764530064,-24.273234853060888,28.006511742356512
2002-09-19,-6.802931702639735,-42.99734540323953,-24.114401967058583,29.17199674475233
2002-09-20,-6.079769789125158,-44.639630086218006,-25.39752856797611,29.12967657058369
2002-09-21,-6.549619341513477,-43.713393340010825,-25.754481670588923,29.836951601352965
2002-09-22,-5.428193870890823,-45.29790017427702,-25.17687435241605,29.385223937541138
2002-09-23,-7.478991099195395,-44.696508034036334,-26.161959297818374,29.32938588498981
2002-09-24,-8.356424630147005,-45.347510851357896,-26.922718959061047,29.73971031511533
2002-09-25,-8.18130722692403,-45.54962673122304,-27.128568568508463,29.434107505274334
2002-09-26,-7.332943874285915,-45.60954516734272,-26.97220405870411,28.205906742873363
